{
  "k": 2,
  "sizes": [
    7425,
    14524
  ],
  "centers_ab": [
    [
      144.7220458984375,
      98.97541809082031
    ],
    [
      138.90032958984375,
      129.19879150390625
    ]
  ],
  "centers_bgr": [
    [
      108.75379943847656,
      58.415287017822266,
      51.68894958496094
    ],
    [
      123.5570297241211,
      121.16326141357422,
      143.9164276123047
    ]
  ],
  "ref_dist_threshold": 13.830116271972656,
  "off_court_thresh": 0.5,
  "note": "cluster 0/1 are arbitrary; A/B aligned at validation"
}